crop_type,region,fertilizer_used,soil_ph,nitrogen,phosphorus,potassium,temperature,humidity,rainfall,disease_label,KMeans_Zone,DBSCAN_Zone
Rice,Terai,No,5.93,96.0,31.0,32,35.0,80.8,230.9,Healthy,0,0
Millet,Mountain,No,5.78,61.0,38.0,36,34.1,50.0,90.2,Healthy,2,1
Rice,Terai,No,5.87,94.0,43.0,51,26.7,76.8,177.9,Sheath Rot,0,0
Tomato,Hilly,No,6.6,87.0,76.0,58,24.2,78.3,108.0,Leaf Curl,1,-1
Cotton,Terai,Yes,6.11,89.0,55.0,30,27.4,45.5,68.8,Leaf Spot,2,2
Potato,Hilly,Yes,4.99,140.0,84.125,97,21.9,67.7,143.5,Early Blight,1,4
Mustard,Terai,No,7.26,80.0,55.0,20,12.8,70.4,60.2,Downy Mildew,2,3
Maize,Hilly,Yes,6.7,115.0,61.0,66,24.7,55.8,99.9,Stalk Rot,1,2
Maize,Hilly,Yes,6.01,114.0,47.0,55,19.1,79.2,118.0,Stalk Rot,1,2
Wheat,Hilly,Yes,6.76,121.0,44.0,62,22.2,72.7,133.9,Rust,1,4
Millet,Mountain,No,6.47,94.0,25.0,28,22.7,66.25,41.1,Rust,2,-1
Millet,Hilly,No,5.53,36.0,49.0,25,34.3,42.9,116.7,Healthy,2,-1
Maize,Hilly,No,5.9,94.0,57.0,66,23.0,66.25,198.7,Blight,1,9
Cotton,Terai,Yes,7.03,84.0,35.0,33,30.4,68.1,80.9,Leaf Spot,2,2
Wheat,Terai,Yes,7.29,95.0,49.0,59,15.3,54.7,105.5,Powdery Mildew,1,5
Tomato,Terai,Yes,6.15,93.0,43.0,60,27.6,76.5,74.3,Wilt,0,5
Millet,Mountain,Yes,6.57,67.0,32.0,40,30.7,46.7,78.8,Blast,2,2
Cotton,Terai,Yes,6.82,94.0,34.0,33,30.9,45.8,134.2,Wilt,2,2
Maize,Hilly,Yes,7.14,73.0,48.0,38,23.4,77.9,168.5,Blight,2,-1
Wheat,Hilly,Yes,6.61,84.0,61.0,74,11.0,71.3,88.7,Healthy,1,4
Maize,Terai,No,6.2,109.0,68.0,56,20.9,61.7,138.0,Healthy,2,-1
Cotton,Terai,No,7.82,91.0,58.0,56,30.9,60.6,95.5,Healthy,2,6
Rice,Terai,Yes,5.91,119.0,42.0,56,28.6,79.9,232.8,Blast,0,5
Cotton,Terai,Yes,7.67,62.0,55.0,48,36.5,52.7,147.1,Wilt,2,2
Rice,Terai,Yes,6.62,72.0,36.0,35,24.3,77.5,203.8,Healthy,0,5
Wheat,Terai,Yes,6.92,97.0,63.0,46,17.6,52.9,74.2,Powdery Mildew,1,5
Wheat,Terai,Yes,7.02,82.0,62.0,55,21.4,56.9,99.8,Smut,1,5
Mustard,Terai,Yes,6.97,75.0,52.0,40,11.0,73.2,34.1,Downy Mildew,2,2
Cotton,Terai,Yes,6.23,93.0,42.0,54,32.2,53.8,91.1,Wilt,2,2
Maize,Hilly,Yes,6.94,89.0,69.0,59,21.3,78.2,140.4,Mosaic,1,-1
Wheat,Terai,Yes,7.5,139.0,69.0,69,22.7,68.2,97.2,Rust,1,5
Tomato,Hilly,No,6.02,117.0,50.0,65,22.9,71.8,62.6,Wilt,1,-1
Mustard,Hilly,Yes,6.38,63.0,38.0,43,15.9,53.9,99.4,Healthy,2,2
Tomato,Terai,Yes,6.11,94.0,76.0,69,26.9,75.0,59.5,Leaf Curl,1,5
Mustard,Hilly,No,6.64,98.0,51.0,32,11.5,60.0,70.1,White Rust,2,11
Millet,Mountain,Yes,6.72,67.0,25.0,42,22.2,44.3,84.1,Downy Mildew,2,2
Millet,Mountain,Yes,6.2,66.0,37.0,42,34.4,54.7,75.6,Downy Mildew,2,2
Wheat,Terai,Yes,6.01,82.0,63.0,55,24.7,71.3,109.5,Powdery Mildew,1,5
Tomato,Hilly,Yes,6.47,80.0,61.0,78,25.9,61.4,45.6,Mosaic,1,4
Wheat,Hilly,No,7.36,109.0,53.0,44,16.3,71.9,87.7,Rust,1,-1
Rice,Terai,No,6.94,95.0,44.0,47,24.1,85.1,217.5,Blast,0,0
Rice,Terai,No,6.27,95.0,35.0,52,33.0,87.6,188.4,Blight,0,0
Millet,Mountain,Yes,6.59,33.0,32.0,45,31.3,66.25,50.6,Blast,2,2
Tomato,Terai,Yes,6.22,89.0,78.0,60,21.2,74.8,72.1,Wilt,1,5
Tomato,Terai,Yes,6.59,115.0,42.0,61,20.8,57.4,99.2,Mosaic,1,5
Wheat,Hilly,Yes,6.18,133.0,60.0,57,19.1,66.2,85.8,Smut,1,4
Rice,Terai,Yes,5.61,67.0,33.0,34,27.6,76.0,232.3,Blight,0,5
Wheat,Hilly,No,7.3,117.0,58.0,66,14.2,71.9,73.8,Smut,1,-1
Potato,Hilly,Yes,5.37,126.0,84.125,104,14.7,82.3,139.9,Scab,1,4
Mustard,Terai,No,7.3,77.0,54.0,27,22.7,66.25,59.0,Blight,2,3
Rice,Terai,Yes,6.69,102.0,31.0,32,27.3,82.5,160.0,Healthy,0,5
Mustard,Terai,No,7.12,98.0,43.0,27,23.1,60.4,84.0,White Rust,2,3
Maize,Hilly,Yes,6.27,109.0,67.0,43,20.6,65.8,92.3,Stalk Rot,1,2
Cotton,Terai,Yes,6.21,100.0,49.0,45,33.7,52.2,63.5,Wilt,2,2
Mustard,Terai,No,6.83,78.0,59.0,36,11.8,74.3,42.6,Healthy,2,3
Tomato,Terai,Yes,6.21,94.0,65.0,65,28.2,73.4,41.5,Mosaic,1,5
Wheat,Hilly,Yes,7.41,104.0,63.0,76,14.1,51.9,63.3,Powdery Mildew,1,4
Mustard,Terai,Yes,6.96,72.0,55.0,48,11.2,65.6,75.3,White Rust,2,2
Wheat,Terai,Yes,7.12,128.0,68.0,78,16.5,52.4,116.7,Powdery Mildew,1,5
Tomato,Hilly,No,6.52,123.0,41.0,63,28.3,70.2,85.7,Leaf Curl,1,-1
Maize,Terai,No,6.12,122.0,63.0,58,31.5,78.8,165.7,Mosaic,0,-1
Rice,Terai,Yes,6.66,109.0,35.0,56,31.5,84.8,158.7,Healthy,0,5
Millet,Mountain,Yes,6.84,64.0,26.0,34,26.5,59.4,68.0,Downy Mildew,2,2
Rice,Terai,Yes,6.98,109.0,38.0,32,30.9,74.2,204.1,Blight,0,5
Wheat,Terai,Yes,6.21,110.0,66.0,71,14.0,60.3,78.1,Rust,1,5
Maize,Hilly,Yes,6.17,89.0,54.0,59,30.1,62.3,117.1,Healthy,2,2
Cotton,Terai,Yes,7.8,73.0,54.0,59,37.4,68.9,83.0,Leaf Spot,2,2
Mustard,Hilly,No,6.68,79.0,31.0,25,15.8,53.7,88.5,Healthy,2,11
Mustard,Terai,Yes,6.61,87.0,42.0,48,12.1,62.4,60.8,Healthy,2,2
Potato,Hilly,No,6.14,124.0,72.0,103,21.3,64.0,99.9,Scab,1,7
Maize,Hilly,No,7.04,111.0,46.0,50,24.0,74.1,126.4,Healthy,2,8
Tomato,Hilly,Yes,6.08,101.0,51.0,77,25.3,71.0,42.8,Leaf Curl,1,4
Wheat,Terai,Yes,6.99,129.0,69.0,67,15.1,74.5,141.4,Smut,1,5
Potato,Mountain,No,6.09,126.0,63.0,91,14.8,81.2,101.3,Scab,1,7
Rice,Terai,Yes,6.62,84.0,49.0,49,33.9,78.0,202.6,Sheath Rot,0,5
Mustard,Hilly,Yes,7.39,72.0,55.0,43,16.9,66.25,99.9,White Rust,2,2
Mustard,Hilly,Yes,6.8,65.0,47.0,29,20.5,64.1,48.0,Blight,2,2
Rice,Terai,Yes,6.84,98.0,38.0,38,29.1,78.0,214.9,Sheath Rot,0,5
Mustard,Hilly,No,6.38,99.0,55.0,44,21.4,56.9,71.8,Healthy,2,8
Tomato,Terai,Yes,6.11,83.0,69.0,74,26.0,74.3,66.7,Leaf Curl,1,5
Potato,Mountain,Yes,4.98,139.0,67.0,84,15.9,77.2,99.9,Scab,1,4
Wheat,Hilly,No,6.19,136.0,74.0,49,19.8,50.0,78.3,Rust,1,-1
Tomato,Hilly,No,6.84,104.0,71.0,83,20.3,75.2,89.8,Wilt,1,-1
Tomato,Hilly,Yes,6.15,92.0,46.0,59,26.1,57.5,59.0,Healthy,1,4
Cotton,Terai,No,6.18,101.0,40.0,48,35.6,65.7,58.0,Wilt,2,-1
Rice,Terai,Yes,6.31,105.0,55.0,43,30.0,83.8,99.9,Sheath Rot,0,5
Tomato,Hilly,No,6.9,96.0,51.0,93,27.8,66.8,94.3,Mosaic,1,-1
Potato,Mountain,Yes,6.26,107.0,84.125,93,17.8,71.7,90.5,Healthy,1,4
Cotton,Terai,Yes,7.14,72.0,49.0,54,37.1,49.9,84.8,Boll Rot,2,2
Tomato,Hilly,No,6.82,80.0,66.0,68,21.8,55.5,100.7,Leaf Curl,1,-1
Maize,Terai,Yes,6.85,70.0,57.0,41,21.7,57.3,131.9,Mosaic,2,2
Wheat,Hilly,No,6.03,96.0,72.0,64,23.7,60.3,85.2,Healthy,1,-1
Mustard,Terai,Yes,6.35,65.0,56.0,48,14.5,69.3,88.8,Healthy,2,2
Tomato,Hilly,Yes,6.18,113.0,66.0,62,28.3,78.6,64.8,Healthy,1,4
Rice,Terai,Yes,6.49,99.0,55.0,52,26.0,73.6,165.6,Sheath Rot,0,5
Potato,Hilly,Yes,5.46,118.0,55.0,84,18.0,65.6,149.0,Late Blight,1,4
Cotton,Terai,Yes,7.47,97.0,37.0,42,29.2,68.8,99.9,Healthy,2,2
Rice,Terai,Yes,6.11,70.0,30.0,34,31.8,79.7,155.2,Blast,0,5
Potato,Hilly,No,5.94,134.0,84.125,104,10.3,66.3,116.3,Healthy,1,7
Potato,Mountain,No,5.12,119.0,81.0,104,14.3,65.1,77.4,Late Blight,1,-1
Potato,Mountain,Yes,5.17,132.0,82.0,100,16.4,79.5,132.8,Scab,1,4
Maize,Terai,Yes,7.16,128.0,57.0,65,19.0,60.4,99.9,Mosaic,1,2
Mustard,Hilly,Yes,6.13,75.0,57.0,44,20.4,61.2,67.3,Blight,2,2
Millet,Mountain,No,7.0,54.0,38.0,21,27.8,57.7,81.8,Blast,2,10
Cotton,Terai,Yes,6.08,79.0,54.0,40,28.0,45.7,99.9,Wilt,2,2
Mustard,Terai,Yes,7.41,99.0,33.0,38,21.3,70.9,33.6,White Rust,2,2
Rice,Terai,Yes,6.47,70.0,54.0,53,26.9,91.6,232.8,Healthy,0,5
Millet,Mountain,No,5.5,59.0,39.0,41,21.0,68.2,91.2,Downy Mildew,2,-1
Wheat,Hilly,Yes,6.81,138.0,54.0,48,20.9,63.7,95.6,Powdery Mildew,1,4
Potato,Hilly,No,6.2,111.0,55.0,104,17.1,60.9,62.7,Early Blight,1,7
Rice,Terai,No,6.44,106.0,53.0,45,29.2,79.9,232.8,Healthy,0,0
Mustard,Hilly,Yes,7.18,90.0,52.0,24,22.3,74.6,62.3,Healthy,2,2
Millet,Mountain,Yes,5.86,48.0,49.0,42,31.8,56.6,105.7,Blast,2,2
Cotton,Terai,No,6.47,88.0,46.0,45,33.6,41.5,146.5,Leaf Spot,2,6
Maize,Terai,Yes,7.05,105.0,58.0,62,21.0,58.0,119.3,Healthy,2,2
Wheat,Hilly,Yes,6.55,101.0,52.0,79,13.3,70.7,52.1,Smut,1,4
Mustard,Hilly,No,6.31,78.0,34.0,48,18.8,69.4,61.7,Healthy,2,11
Cotton,Terai,Yes,7.07,71.0,52.0,45,29.7,44.7,110.0,Boll Rot,2,2
Wheat,Hilly,Yes,6.24,92.0,71.0,46,12.6,58.0,80.5,Smut,1,4
Rice,Terai,No,6.59,81.0,31.0,57,33.8,83.0,232.8,Sheath Rot,0,0
Potato,Hilly,No,6.47,115.0,59.0,104,12.0,68.4,106.8,Early Blight,1,-1
Potato,Mountain,Yes,4.921250000000001,117.0,71.0,104,14.6,61.1,118.3,Late Blight,1,4
Wheat,Hilly,Yes,7.2,94.0,49.0,64,20.6,51.7,55.0,Healthy,1,4
Potato,Mountain,Yes,5.62,95.0,84.125,104,10.1,78.5,109.8,Early Blight,1,4
Potato,Mountain,Yes,6.41,97.0,80.0,95,17.5,63.2,120.2,Healthy,1,4
Potato,Mountain,Yes,6.47,140.0,50.0,104,10.0,76.2,87.0,Late Blight,1,-1
Maize,Hilly,No,6.61,117.0,45.0,61,31.9,70.9,116.3,Healthy,2,8
Maize,Hilly,Yes,6.41,94.0,45.0,43,31.0,59.5,98.4,Stalk Rot,2,2
Cotton,Terai,Yes,7.0,76.0,52.0,31,29.5,66.25,143.3,Leaf Spot,2,2
Maize,Terai,No,5.81,94.0,55.0,46,23.2,77.1,99.1,Healthy,2,6
Wheat,Terai,No,6.08,105.0,77.0,51,22.5,51.4,79.4,Smut,1,-1
Mustard,Terai,Yes,7.24,64.0,33.0,32,16.1,73.1,56.2,Downy Mildew,2,2
Rice,Terai,Yes,6.79,113.0,44.0,49,30.6,93.4,232.8,Healthy,0,5
Cotton,Terai,Yes,6.06,81.0,38.0,56,37.2,46.4,62.3,Leaf Spot,2,2
Mustard,Hilly,Yes,6.22,80.0,36.0,37,13.3,72.3,57.8,Healthy,2,2
Potato,Mountain,Yes,4.97,124.0,53.0,89,16.0,69.2,74.6,Scab,1,4
Mustard,Terai,Yes,6.98,89.0,39.0,39,19.1,53.4,99.9,Blight,2,2
Potato,Hilly,Yes,6.47,138.0,80.0,89,14.7,64.0,107.7,Late Blight,1,4
Millet,Mountain,No,7.21,49.0,43.0,24,29.1,64.0,51.6,Blast,2,10
Cotton,Terai,Yes,7.81,88.0,49.0,46,25.8,55.5,138.3,Boll Rot,2,2
Potato,Mountain,No,5.62,134.0,58.0,97,17.7,66.9,108.3,Early Blight,1,7
Tomato,Terai,Yes,6.15,122.0,60.0,96,20.8,63.3,84.8,Healthy,1,5
Maize,Hilly,No,6.38,106.0,51.0,51,25.1,61.0,181.3,Stalk Rot,2,9
Mustard,Hilly,No,7.47,85.0,51.0,49,15.8,57.6,49.8,Healthy,2,11
Rice,Terai,Yes,6.19,83.0,43.0,42,24.0,85.4,229.8,Sheath Rot,0,5
Cotton,Terai,No,7.68,80.0,53.0,31,31.3,60.6,149.2,Wilt,2,6
Cotton,Terai,No,6.46,81.0,55.0,50,34.5,59.8,123.9,Boll Rot,2,6
Maize,Terai,No,6.92,78.0,43.0,60,29.9,64.9,95.3,Blight,2,6
Cotton,Terai,No,7.35,89.0,38.0,30,30.6,44.1,98.7,Boll Rot,2,6
Wheat,Hilly,Yes,7.0,130.0,54.0,57,10.5,57.8,96.3,Powdery Mildew,1,4
Potato,Mountain,Yes,5.45,134.0,69.0,87,21.1,82.3,99.9,Scab,1,4
Maize,Hilly,No,6.46,97.0,69.0,48,25.4,72.2,114.9,Stalk Rot,2,8
Millet,Hilly,No,6.47,67.0,34.0,29,33.4,47.9,81.7,Rust,2,1
Maize,Terai,Yes,5.92,125.0,51.0,56,23.4,79.5,131.9,Stalk Rot,0,2
Rice,Terai,Yes,6.17,93.0,47.0,32,31.0,83.3,232.8,Blast,0,5
Rice,Terai,No,5.64,74.0,56.0,41,33.6,94.8,232.8,Healthy,0,-1
Rice,Terai,No,6.73,89.0,55.0,48,33.8,71.8,232.8,Blight,0,0
Tomato,Hilly,No,6.66,122.0,68.0,89,22.3,66.25,57.7,Healthy,1,7
Potato,Hilly,No,5.59,132.0,79.0,88,12.0,79.3,124.7,Healthy,1,7
Maize,Hilly,No,6.4,94.0,49.0,47,25.1,60.3,184.5,Healthy,2,9
Maize,Terai,No,6.69,124.0,35.0,54,24.2,72.0,173.8,Mosaic,0,6
Potato,Hilly,Yes,5.28,98.0,61.0,98,19.7,67.4,64.0,Early Blight,1,4
Rice,Terai,Yes,6.11,114.0,48.0,47,25.8,66.25,232.8,Blight,0,5
Potato,Mountain,Yes,5.07,100.0,60.0,87,20.0,82.2,89.1,Scab,1,4
Cotton,Terai,No,6.13,84.0,31.0,31,34.9,63.3,95.0,Leaf Spot,2,-1
Wheat,Terai,Yes,7.32,94.0,45.0,58,18.5,53.5,123.8,Smut,1,5
Wheat,Terai,Yes,6.66,83.0,69.0,62,18.7,74.4,135.5,Smut,1,5
Maize,Terai,Yes,6.45,95.0,41.0,67,26.6,64.4,101.4,Healthy,2,2
Rice,Terai,No,6.28,111.0,49.0,35,30.3,83.9,207.5,Blast,0,0
Rice,Terai,Yes,6.47,116.0,37.0,32,25.4,87.2,153.4,Sheath Rot,0,5
Cotton,Terai,Yes,6.79,73.0,35.0,50,32.1,58.2,117.8,Leaf Spot,2,2
Wheat,Hilly,Yes,6.43,138.0,62.0,54,12.5,52.2,52.6,Rust,1,4
Potato,Hilly,Yes,4.921250000000001,105.0,60.0,84,12.7,76.7,147.8,Healthy,1,4
Rice,Terai,No,6.02,97.0,31.0,35,29.4,81.4,194.0,Sheath Rot,0,0
Wheat,Hilly,No,7.11,90.0,44.0,42,10.0,71.1,141.5,Smut,1,-1
Mustard,Hilly,Yes,6.04,94.0,48.0,41,23.1,53.4,99.9,Blight,2,2
Wheat,Hilly,Yes,6.47,100.0,57.0,68,10.1,55.0,138.0,Smut,1,4
Millet,Hilly,No,7.07,34.0,39.0,23,24.5,44.9,65.6,Downy Mildew,2,10
Tomato,Terai,Yes,6.83,120.0,44.0,78,24.0,55.3,66.1,Wilt,1,5
Millet,Hilly,Yes,6.91,68.0,40.0,45,20.8,56.4,99.0,Healthy,2,2
Maize,Hilly,Yes,6.47,115.0,59.0,65,24.2,62.4,192.7,Healthy,1,2
Rice,Terai,Yes,6.01,102.0,46.0,37,24.8,86.1,167.4,Blast,0,5
Wheat,Hilly,Yes,6.54,114.0,42.0,46,16.0,66.25,99.9,Healthy,1,4
Maize,Terai,Yes,6.09,107.0,47.0,69,27.4,67.2,133.8,Healthy,2,2
Mustard,Terai,Yes,7.44,90.0,49.0,42,20.4,52.2,66.5,White Rust,2,2
Rice,Terai,Yes,5.55,110.0,43.0,36,32.1,91.0,99.9,Blight,0,5
Maize,Terai,No,6.15,124.0,44.0,66,22.1,69.1,122.5,Healthy,2,6
Rice,Terai,Yes,6.81,119.0,53.0,42,28.4,85.7,212.4,Blast,0,5
Rice,Terai,No,6.69,104.0,44.0,31,32.3,75.1,155.9,Blast,0,0
Mustard,Terai,Yes,7.34,61.0,52.0,42,21.5,51.8,70.8,White Rust,2,2
Cotton,Terai,Yes,7.29,94.0,45.0,39,28.0,48.4,133.7,Leaf Spot,2,2
Potato,Mountain,Yes,6.16,146.0,53.0,95,21.4,81.9,141.2,Late Blight,1,4
Rice,Terai,Yes,6.75,108.0,55.0,31,32.0,84.5,204.6,Healthy,0,5
Mustard,Terai,Yes,6.61,79.0,56.0,29,24.3,64.8,88.9,White Rust,2,2
Wheat,Terai,No,6.59,84.0,43.0,63,16.8,74.6,88.6,Smut,1,-1
Potato,Mountain,Yes,6.34,97.0,71.0,104,10.8,74.3,122.3,Scab,1,4
Tomato,Hilly,Yes,6.4,128.0,68.0,82,21.5,72.0,77.2,Healthy,1,4
Cotton,Terai,Yes,7.58,82.0,35.0,55,36.0,50.0,98.5,Boll Rot,2,2
Cotton,Terai,Yes,7.51,94.0,38.0,45,26.9,52.4,88.1,Boll Rot,2,2
Cotton,Terai,Yes,6.41,73.0,42.0,33,28.9,57.8,139.9,Wilt,2,2
Maize,Terai,Yes,5.9,87.0,65.0,40,26.3,55.1,144.5,Mosaic,2,2
Mustard,Terai,No,6.45,87.0,36.0,43,17.8,60.0,99.9,Healthy,2,3
Mustard,Hilly,Yes,6.34,99.0,45.0,24,11.6,74.3,41.7,Blight,2,2
Millet,Mountain,Yes,7.44,55.0,31.0,23,31.0,68.8,114.9,Rust,2,-1
Mustard,Terai,Yes,7.47,66.0,36.0,26,13.5,68.2,89.2,Healthy,2,2
Cotton,Terai,No,7.09,95.0,36.0,50,26.4,50.2,68.5,Wilt,2,6
Cotton,Terai,Yes,7.87,103.0,42.0,50,31.6,69.1,81.9,Healthy,2,2
Potato,Mountain,Yes,5.67,142.0,64.0,86,18.4,68.1,99.9,Early Blight,1,4
Maize,Terai,No,6.13,98.0,50.0,51,18.6,77.7,152.5,Blight,0,6
Cotton,Terai,No,7.43,94.0,38.0,58,27.0,56.5,75.0,Boll Rot,2,6
Cotton,Terai,Yes,6.27,79.0,35.0,40,36.3,54.3,72.5,Healthy,2,2
Maize,Hilly,No,6.64,111.0,47.0,63,21.3,71.1,116.0,Blight,2,8
Potato,Hilly,Yes,5.87,122.0,55.0,102,14.0,73.3,145.7,Early Blight,1,4
Cotton,Terai,Yes,7.23,67.0,55.0,58,31.7,61.7,131.4,Leaf Spot,2,2
Rice,Terai,Yes,6.98,109.0,43.0,51,30.9,80.0,212.6,Blast,0,5
Tomato,Terai,Yes,6.69,114.0,65.0,63,29.4,67.5,53.4,Mosaic,1,5
Cotton,Terai,Yes,7.29,77.0,53.0,47,33.4,65.2,143.1,Leaf Spot,2,2
Cotton,Terai,Yes,6.73,107.0,58.0,34,27.2,66.1,88.3,Wilt,2,2
Maize,Hilly,No,7.1,92.0,51.0,38,25.2,68.9,99.9,Mosaic,2,8
Tomato,Terai,Yes,7.0,85.0,73.0,74,28.9,79.2,84.2,Mosaic,1,5
Tomato,Hilly,No,6.99,94.0,48.0,88,28.2,77.2,43.2,Healthy,1,-1
Tomato,Hilly,Yes,6.23,102.0,47.0,52,22.7,72.0,87.4,Healthy,1,4
Rice,Terai,Yes,6.05,91.0,56.0,50,25.7,70.5,194.0,Healthy,0,5
Rice,Terai,No,6.36,94.0,51.0,37,32.9,72.8,194.6,Blast,0,0
Tomato,Hilly,Yes,6.07,90.0,55.0,99,20.8,71.9,66.7,Healthy,1,4
Cotton,Terai,Yes,7.16,80.0,40.0,33,27.0,66.25,97.7,Boll Rot,2,2
Cotton,Terai,Yes,6.5,106.0,47.0,46,34.7,43.5,77.2,Healthy,2,2
Rice,Terai,Yes,6.2,111.0,58.0,57,26.0,71.3,189.3,Blast,0,5
Potato,Mountain,No,6.38,149.0,81.0,104,17.5,81.3,85.1,Healthy,1,-1
Potato,Mountain,Yes,6.47,139.0,84.125,95,14.7,66.25,113.7,Late Blight,1,4
Millet,Hilly,No,5.85,33.0,29.0,24,23.9,51.1,100.1,Rust,2,1
Potato,Hilly,No,6.47,94.0,81.0,94,18.8,67.4,99.6,Late Blight,1,7
Cotton,Terai,Yes,7.11,60.0,52.0,31,27.4,63.5,85.5,Leaf Spot,2,2
Millet,Hilly,Yes,5.99,42.0,48.0,47,32.9,40.1,78.5,Blast,2,2
Maize,Terai,Yes,6.97,112.0,55.0,66,27.0,57.9,170.9,Healthy,2,2
Mustard,Terai,Yes,7.43,69.0,52.0,35,16.2,67.7,72.1,Downy Mildew,2,2
Tomato,Hilly,Yes,6.53,116.0,42.0,57,29.2,74.0,58.9,Healthy,1,4
Millet,Mountain,Yes,6.79,63.0,28.0,25,21.7,57.3,46.1,Downy Mildew,2,2
Tomato,Terai,Yes,6.46,86.0,66.0,60,27.3,66.25,43.4,Mosaic,1,5
Potato,Hilly,Yes,6.15,106.0,75.0,104,19.5,74.1,96.7,Early Blight,1,4
Cotton,Terai,Yes,6.34,98.0,33.0,43,35.0,47.3,82.7,Healthy,2,2
Millet,Hilly,Yes,6.63,43.0,29.0,39,24.1,40.2,105.9,Downy Mildew,2,2
Millet,Mountain,No,6.03,30.0,28.0,43,31.6,43.6,104.6,Downy Mildew,2,1
Mustard,Terai,Yes,7.2,75.0,35.0,42,18.1,55.4,86.8,Downy Mildew,2,2
Millet,Hilly,Yes,6.07,39.0,30.0,25,26.6,61.6,67.2,Rust,2,2
Wheat,Terai,Yes,6.98,119.0,63.0,43,20.8,57.1,111.2,Healthy,1,5
Cotton,Terai,Yes,7.57,65.0,42.0,55,33.4,59.1,92.1,Boll Rot,2,2
Millet,Hilly,Yes,6.32,44.0,29.0,41,28.6,43.8,74.7,Rust,2,2
Cotton,Terai,Yes,6.63,72.0,36.0,42,34.3,46.1,77.1,Wilt,2,2
Rice,Terai,Yes,6.84,94.0,51.0,45,33.4,92.4,232.8,Blast,0,5
Rice,Terai,Yes,5.61,61.0,37.0,46,26.8,84.8,182.4,Blast,0,5
Maize,Terai,No,6.47,76.0,53.0,44,30.5,64.2,114.5,Mosaic,2,6
Cotton,Terai,No,6.42,67.0,52.0,45,28.1,67.4,99.4,Healthy,2,6
Wheat,Terai,No,7.11,91.0,64.0,57,20.8,72.6,92.0,Powdery Mildew,1,-1
Mustard,Hilly,Yes,6.97,70.0,55.0,35,10.5,53.0,93.9,Healthy,2,2
Rice,Terai,Yes,6.28,96.0,43.0,54,32.9,91.2,222.0,Healthy,0,5
Millet,Mountain,No,6.55,40.0,31.0,37,20.7,68.0,63.7,Healthy,2,-1
Wheat,Terai,Yes,7.0,130.0,46.0,40,12.7,66.25,120.5,Healthy,1,5
Mustard,Hilly,Yes,7.19,76.0,36.0,26,13.6,51.3,49.6,White Rust,2,-1
Rice,Terai,Yes,6.0,70.0,37.0,54,26.8,82.1,99.9,Blast,0,5
Potato,Hilly,Yes,5.66,101.0,84.0,104,11.2,73.8,95.3,Scab,1,4
Tomato,Hilly,Yes,6.23,114.0,49.0,81,24.3,74.2,62.1,Mosaic,1,4
Maize,Terai,No,6.0,102.0,55.0,54,20.5,77.9,94.9,Mosaic,2,6
Rice,Terai,No,6.1,116.0,30.0,47,31.7,71.0,182.9,Blast,0,0
Wheat,Terai,Yes,7.36,91.0,56.0,57,12.5,52.1,62.1,Powdery Mildew,1,5
Potato,Hilly,Yes,5.16,90.0,62.0,104,18.4,65.1,99.0,Scab,1,4
Mustard,Terai,Yes,6.52,74.0,56.0,33,21.7,72.2,64.5,Downy Mildew,2,2
Cotton,Terai,No,7.38,74.0,44.0,31,30.5,58.2,125.5,Leaf Spot,2,6
Maize,Hilly,Yes,6.98,115.0,43.0,68,30.3,55.7,196.9,Mosaic,2,-1
Mustard,Terai,Yes,7.21,88.0,41.0,30,16.0,62.7,79.6,Healthy,2,2
Cotton,Terai,No,6.89,94.0,47.0,35,32.5,68.6,107.6,Leaf Spot,2,6
Maize,Terai,Yes,6.61,92.0,35.0,39,31.5,70.8,189.2,Blight,0,2
Cotton,Terai,Yes,7.72,97.0,42.0,44,37.6,46.6,107.3,Wilt,2,2
Cotton,Terai,Yes,6.93,100.0,50.0,35,37.3,57.5,141.7,Boll Rot,2,2
Potato,Mountain,Yes,5.5,143.0,56.0,104,16.4,76.5,129.4,Healthy,1,4
Rice,Terai,No,6.99,92.0,58.0,32,34.5,89.6,232.8,Sheath Rot,0,0
Maize,Hilly,Yes,6.03,115.0,61.0,37,19.9,74.2,142.2,Blight,1,2
Rice,Terai,No,6.72,68.0,44.0,58,29.7,66.25,180.1,Blast,0,0
Tomato,Terai,No,6.11,94.0,58.0,68,20.6,72.2,99.9,Mosaic,1,-1
Maize,Hilly,Yes,6.27,73.0,54.0,55,29.2,75.1,120.9,Stalk Rot,2,2
Cotton,Terai,Yes,6.06,62.0,40.0,32,25.2,68.4,130.2,Leaf Spot,2,2
Tomato,Terai,Yes,6.28,103.0,73.0,66,23.3,71.3,113.6,Leaf Curl,1,5
Rice,Terai,No,6.47,75.0,37.0,37,31.8,83.3,200.5,Sheath Rot,0,0
Rice,Terai,Yes,6.44,85.0,46.0,36,25.1,72.0,232.8,Blight,0,5
Wheat,Terai,Yes,6.98,112.0,42.0,60,20.0,60.3,96.2,Smut,1,5
Cotton,Terai,Yes,7.38,73.0,35.0,35,36.6,49.4,140.9,Healthy,2,2
Maize,Hilly,Yes,5.82,95.0,49.0,69,28.7,57.0,115.1,Stalk Rot,2,2
Cotton,Terai,No,6.54,86.0,54.0,42,28.1,45.7,94.8,Leaf Spot,2,6
Cotton,Terai,No,6.92,102.0,53.0,31,31.8,63.9,119.8,Wilt,2,6
Potato,Hilly,No,6.05,129.0,84.125,104,16.6,68.6,141.2,Scab,1,7
Rice,Terai,Yes,5.94,79.0,38.0,31,25.0,80.5,186.8,Sheath Rot,0,5
Cotton,Terai,Yes,6.11,98.0,51.0,39,36.8,49.5,52.1,Wilt,2,2
Potato,Mountain,Yes,6.13,102.0,55.0,104,17.7,83.3,97.3,Scab,1,-1
Tomato,Terai,Yes,6.48,126.0,68.0,83,20.7,61.1,99.9,Leaf Curl,1,5
Maize,Hilly,Yes,6.47,94.0,40.0,50,19.0,72.8,110.8,Blight,2,2
Rice,Terai,Yes,5.56,119.0,49.0,50,28.0,92.0,197.5,Sheath Rot,0,5
Maize,Hilly,No,6.57,129.0,58.0,41,23.1,63.7,102.9,Mosaic,2,8
Cotton,Terai,Yes,7.86,95.0,52.0,35,33.9,60.8,134.8,Boll Rot,2,2
Cotton,Terai,Yes,6.17,79.0,41.0,56,37.1,64.1,112.0,Leaf Spot,2,2
Tomato,Terai,No,6.83,129.0,46.0,84,24.6,69.2,111.3,Leaf Curl,1,-1
Cotton,Terai,Yes,7.71,101.0,53.0,40,26.7,65.2,58.8,Boll Rot,2,2
Rice,Terai,Yes,6.28,110.0,54.0,58,28.8,72.3,232.8,Healthy,0,5
Cotton,Terai,Yes,7.48,95.0,46.0,50,31.4,56.3,112.0,Healthy,2,2
Wheat,Hilly,Yes,6.42,129.0,51.0,72,13.3,51.1,89.7,Rust,1,4
Wheat,Terai,Yes,6.28,98.0,59.0,56,10.2,66.0,78.9,Healthy,1,5
Potato,Mountain,Yes,5.05,131.0,79.0,104,10.3,75.9,89.0,Early Blight,1,4
Millet,Hilly,Yes,6.47,47.0,30.0,35,21.3,55.1,84.7,Downy Mildew,2,2
Wheat,Hilly,Yes,7.27,117.0,70.0,48,23.3,59.3,75.2,Powdery Mildew,1,4
Millet,Mountain,No,5.64,33.0,23.0,45,29.8,51.2,101.7,Rust,2,1
Tomato,Terai,Yes,6.66,93.0,41.0,70,27.3,57.8,95.2,Wilt,2,5
Rice,Terai,No,6.99,107.0,42.0,54,32.7,66.25,196.6,Blight,0,0
Millet,Hilly,No,5.86,31.0,44.0,36,30.9,43.3,86.0,Downy Mildew,2,1
Wheat,Terai,No,6.09,138.0,75.0,77,12.8,58.8,99.9,Rust,1,-1
Millet,Mountain,No,7.25,51.0,30.0,26,27.7,52.3,58.0,Healthy,2,10
Millet,Mountain,Yes,7.36,41.0,48.0,21,22.1,61.9,90.0,Blast,2,2
Tomato,Hilly,Yes,6.29,81.0,72.0,72,28.7,63.1,84.7,Mosaic,1,4
Potato,Mountain,Yes,5.2,122.0,58.0,88,11.1,75.4,118.0,Healthy,1,4
Millet,Mountain,Yes,7.29,39.0,22.0,42,28.7,45.6,79.0,Healthy,2,2
Wheat,Hilly,Yes,7.09,91.0,75.0,57,11.4,56.6,99.8,Healthy,1,4
Rice,Terai,Yes,6.19,65.0,46.0,49,24.8,87.4,205.9,Blast,0,5
Mustard,Hilly,No,7.08,64.0,48.0,30,13.9,53.2,91.2,Blight,2,11
Rice,Terai,Yes,5.55,66.0,48.0,56,32.8,79.5,155.4,Blast,0,5
Maize,Terai,Yes,6.4,95.0,49.0,58,26.9,58.5,198.2,Blight,2,2
Cotton,Terai,Yes,7.61,81.0,53.0,43,31.0,58.6,124.4,Boll Rot,2,2
Maize,Terai,Yes,6.09,99.0,38.0,64,22.6,56.5,144.1,Healthy,2,2
Mustard,Terai,No,6.35,64.0,33.0,37,14.2,63.0,48.7,Blight,2,-1
Tomato,Hilly,Yes,6.34,116.0,62.0,66,22.5,77.3,115.1,Leaf Curl,1,4
Rice,Terai,Yes,5.84,96.0,48.0,52,30.1,85.3,232.8,Blight,0,5
Millet,Hilly,Yes,5.61,64.0,47.0,22,25.0,43.1,119.4,Downy Mildew,2,2
Mustard,Terai,Yes,7.15,72.0,44.0,43,11.4,66.8,84.6,Downy Mildew,2,2
Millet,Mountain,Yes,6.8,42.0,38.0,35,25.9,52.5,94.9,Healthy,2,2
Tomato,Hilly,No,6.98,89.0,45.0,52,22.4,77.7,92.7,Mosaic,1,-1
Potato,Hilly,Yes,6.4,94.0,84.125,98,10.5,82.3,76.5,Healthy,1,4
Potato,Hilly,No,5.68,123.0,76.0,104,20.7,80.4,60.7,Early Blight,1,-1
Millet,Hilly,Yes,6.87,65.0,26.0,46,24.9,65.7,75.2,Downy Mildew,2,2
Rice,Terai,Yes,5.82,106.0,36.0,37,24.7,83.0,232.8,Healthy,0,5
Mustard,Terai,Yes,6.07,94.0,37.0,42,19.2,52.9,39.1,Blight,2,2
Maize,Terai,Yes,6.47,94.0,47.0,63,25.4,79.2,164.2,Stalk Rot,0,2
Rice,Terai,Yes,5.86,86.0,32.0,58,33.2,79.2,154.3,Blight,0,5
Potato,Mountain,Yes,4.921250000000001,140.0,84.0,104,10.1,66.8,139.8,Healthy,1,4
Millet,Hilly,No,6.12,40.0,20.0,49,29.6,47.2,63.9,Rust,2,1
Wheat,Hilly,Yes,6.43,98.0,49.0,60,22.2,52.8,118.5,Smut,1,4
Rice,Terai,Yes,6.54,95.0,56.0,40,32.1,84.2,209.5,Blight,0,5
Tomato,Hilly,Yes,6.07,125.0,79.0,85,25.4,77.3,50.9,Leaf Curl,1,4
Rice,Terai,Yes,6.15,61.0,58.0,36,34.5,70.5,189.0,Blast,0,5
Tomato,Hilly,Yes,6.68,94.0,62.0,60,20.2,59.6,66.8,Leaf Curl,1,4
Tomato,Hilly,Yes,6.45,93.0,55.0,69,25.4,77.5,113.5,Wilt,1,4
Millet,Hilly,No,7.45,57.0,31.0,44,30.4,55.0,87.7,Rust,2,10
Maize,Terai,No,6.51,120.0,55.0,46,24.4,69.3,83.0,Stalk Rot,2,6
Millet,Mountain,Yes,7.3,38.0,25.0,21,21.0,46.3,100.0,Healthy,2,2
Cotton,Terai,No,6.45,86.0,50.0,53,29.9,42.2,68.3,Leaf Spot,2,6
Cotton,Terai,Yes,7.73,88.0,57.0,58,35.7,56.9,63.0,Boll Rot,2,2
Maize,Terai,No,7.14,99.0,52.0,51,30.6,79.8,98.5,Blight,2,6
Rice,Terai,No,5.89,88.0,38.0,39,33.7,87.0,164.6,Sheath Rot,0,0
Potato,Mountain,Yes,6.14,127.0,63.0,104,10.1,63.7,140.6,Healthy,1,4
Wheat,Hilly,Yes,6.02,106.0,57.0,62,18.9,54.0,99.9,Powdery Mildew,1,4
Cotton,Terai,No,6.14,61.0,52.0,34,27.9,66.4,131.1,Leaf Spot,2,6
Rice,Terai,No,6.07,63.0,47.0,57,25.5,86.1,207.2,Blast,0,0
Tomato,Terai,Yes,6.87,129.0,64.0,70,24.4,70.1,61.4,Healthy,1,5
Wheat,Hilly,Yes,7.15,127.0,66.0,50,19.8,71.8,143.8,Rust,1,4
Tomato,Hilly,No,6.89,127.0,74.0,90,28.8,58.2,61.2,Leaf Curl,1,-1
Rice,Terai,Yes,6.22,63.0,48.0,59,32.7,77.6,181.7,Sheath Rot,0,5
Tomato,Terai,Yes,6.89,83.0,53.0,62,27.8,70.4,93.9,Leaf Curl,1,5
Rice,Terai,No,6.67,75.0,35.0,50,28.7,71.9,172.2,Sheath Rot,0,0
Rice,Terai,No,6.47,112.0,32.0,51,24.8,75.5,212.9,Blight,0,0
Maize,Hilly,Yes,6.2,99.0,45.0,55,19.7,68.3,168.2,Stalk Rot,2,2
Potato,Hilly,Yes,5.08,92.0,68.0,104,13.5,83.4,90.6,Healthy,1,4
Maize,Terai,No,7.03,94.0,58.0,63,22.8,78.1,93.6,Stalk Rot,2,6
Rice,Terai,Yes,5.66,102.0,36.0,39,26.1,73.2,232.8,Blast,0,5
Maize,Terai,Yes,7.0,106.0,64.0,62,28.9,74.1,195.2,Blight,0,2
Cotton,Terai,No,6.01,61.0,43.0,37,37.7,66.1,79.6,Boll Rot,2,6
Rice,Terai,No,5.76,103.0,51.0,37,34.8,87.0,159.9,Sheath Rot,0,0
Potato,Hilly,Yes,6.29,122.0,59.0,104,14.1,73.6,128.1,Early Blight,1,4
Millet,Hilly,No,6.0,37.0,22.0,32,26.0,66.25,99.9,Downy Mildew,2,-1
Maize,Terai,Yes,7.14,107.0,54.0,59,19.4,62.5,94.1,Stalk Rot,2,2
Wheat,Hilly,Yes,7.48,126.0,41.0,42,23.1,61.3,73.9,Healthy,1,4
Cotton,Terai,Yes,7.01,92.0,59.0,31,36.0,57.7,86.8,Wilt,2,2
Wheat,Terai,Yes,6.65,135.0,53.0,42,14.8,74.9,109.6,Powdery Mildew,1,5
Tomato,Hilly,Yes,6.33,113.0,48.0,79,26.8,65.3,42.0,Healthy,1,4
Cotton,Terai,Yes,6.85,79.0,51.0,46,31.1,52.1,129.2,Wilt,2,2
Mustard,Terai,No,7.21,95.0,48.0,20,11.7,65.4,50.4,Downy Mildew,2,3
Millet,Hilly,Yes,6.85,47.0,41.0,44,26.0,55.9,100.2,Blast,2,2
Millet,Mountain,No,5.73,51.0,45.0,42,20.1,47.3,43.4,Rust,2,-1
Potato,Hilly,No,5.11,93.0,62.0,104,21.7,73.9,99.9,Late Blight,1,-1
Rice,Terai,Yes,5.88,113.0,51.0,49,31.5,72.7,232.8,Blast,0,5
Cotton,Terai,No,7.66,74.0,40.0,43,28.3,69.0,99.1,Boll Rot,2,6
Rice,Terai,No,5.53,84.0,46.0,48,29.1,78.4,172.6,Blight,0,0
Cotton,Terai,No,6.71,67.0,47.0,54,29.4,59.1,81.4,Healthy,2,6
Rice,Terai,Yes,6.47,94.0,35.0,35,30.0,93.4,226.7,Blast,0,5
Maize,Hilly,No,6.38,121.0,67.0,51,29.0,57.9,152.4,Blight,2,8
Tomato,Terai,Yes,6.9,87.0,54.0,80,20.9,78.0,80.9,Wilt,1,5
Rice,Terai,No,6.54,64.0,34.0,36,34.2,66.25,232.8,Blast,0,0
Tomato,Terai,Yes,6.26,85.0,76.0,99,29.9,65.9,40.6,Mosaic,1,5
Mustard,Terai,Yes,6.62,64.0,35.0,40,19.2,56.8,80.1,Blight,2,2
Wheat,Terai,Yes,6.42,126.0,66.0,73,17.9,57.5,78.2,Powdery Mildew,1,5
Wheat,Terai,Yes,6.59,96.0,77.0,67,12.1,58.0,105.7,Smut,1,5
Mustard,Hilly,No,6.44,65.0,34.0,32,18.5,59.9,93.6,Blight,2,11
Potato,Mountain,No,6.26,107.0,57.0,102,13.3,76.3,100.4,Scab,1,-1
Cotton,Terai,Yes,6.7,94.0,40.0,33,27.5,66.9,59.8,Boll Rot,2,2
Rice,Terai,Yes,6.47,117.0,55.0,58,25.6,80.5,232.8,Sheath Rot,0,5
Cotton,Terai,No,6.47,83.0,32.0,31,34.5,52.6,125.7,Boll Rot,2,-1
Wheat,Hilly,No,6.69,99.0,42.0,58,15.6,50.2,132.1,Powdery Mildew,1,-1
Maize,Terai,Yes,6.9,123.0,68.0,62,23.3,66.5,127.3,Mosaic,1,2
Wheat,Hilly,No,7.27,83.0,50.0,44,10.8,51.4,62.9,Powdery Mildew,1,-1
Tomato,Hilly,Yes,6.31,103.0,40.0,86,23.0,75.0,73.2,Mosaic,1,4
Maize,Hilly,Yes,5.95,107.0,39.0,69,27.9,66.25,102.8,Blight,2,2
Millet,Hilly,No,6.51,30.0,47.0,22,32.9,57.7,99.9,Rust,2,-1
Maize,Hilly,Yes,6.65,93.0,45.0,65,24.7,55.7,112.5,Healthy,2,2
Potato,Hilly,Yes,5.57,135.0,55.0,91,20.3,68.2,96.6,Scab,1,4
Cotton,Terai,Yes,7.69,73.0,32.0,48,34.6,59.0,137.1,Leaf Spot,2,2
Mustard,Terai,No,7.12,80.0,54.0,33,14.9,68.9,75.5,Healthy,2,3
Millet,Mountain,Yes,6.12,30.0,20.0,47,26.1,42.4,41.1,Healthy,2,2
Tomato,Hilly,Yes,6.48,96.0,57.0,78,21.7,55.4,117.3,Wilt,1,4
Maize,Hilly,Yes,6.05,100.0,60.0,69,29.8,70.4,158.1,Healthy,1,2
Mustard,Hilly,No,6.54,84.0,41.0,29,14.3,68.0,63.8,Healthy,2,11
Mustard,Terai,Yes,7.27,76.0,31.0,29,24.9,55.4,81.5,Healthy,2,2
Potato,Hilly,No,5.82,110.0,84.125,104,18.4,61.2,99.9,Healthy,1,7
Maize,Terai,Yes,6.46,85.0,37.0,49,27.9,60.6,192.4,Stalk Rot,2,2
Potato,Hilly,Yes,5.72,91.0,53.0,104,18.6,67.3,90.3,Scab,1,4
Rice,Terai,Yes,6.39,66.0,55.0,45,24.1,89.8,200.2,Sheath Rot,0,5
Wheat,Hilly,Yes,7.15,125.0,64.0,71,20.5,63.3,113.9,Healthy,1,4
Mustard,Terai,No,7.01,87.0,37.0,29,24.0,65.9,37.7,Downy Mildew,2,3
Rice,Terai,Yes,6.18,110.0,58.0,53,34.3,86.6,232.8,Sheath Rot,0,5
Wheat,Terai,Yes,6.79,125.0,57.0,69,18.5,73.2,137.7,Healthy,1,5
Maize,Terai,No,5.91,123.0,41.0,61,19.6,64.1,99.9,Mosaic,2,6
Potato,Hilly,Yes,5.92,91.0,83.0,90,10.5,62.0,127.7,Early Blight,1,4
Mustard,Terai,Yes,6.1,94.0,53.0,27,20.0,66.25,99.9,Healthy,2,2
Cotton,Terai,Yes,7.64,64.0,50.0,31,26.3,41.9,90.5,Boll Rot,2,2
Millet,Hilly,Yes,6.31,59.0,41.0,32,22.7,43.4,117.7,Downy Mildew,2,2
Tomato,Terai,Yes,6.25,86.0,63.0,98,24.5,78.4,73.0,Wilt,1,5
Cotton,Terai,Yes,7.25,99.0,38.0,46,25.7,51.2,100.1,Leaf Spot,2,2
Millet,Hilly,Yes,5.63,65.0,32.0,34,26.5,45.9,64.4,Healthy,2,2
Mustard,Hilly,Yes,6.7,72.0,44.0,29,11.3,72.3,34.6,Blight,2,2
Millet,Hilly,Yes,5.59,55.0,26.0,40,27.1,62.9,94.0,Blast,2,2
Millet,Hilly,Yes,5.99,48.0,23.0,48,31.5,65.5,115.6,Healthy,2,2
Tomato,Terai,Yes,6.58,94.0,74.0,99,25.6,57.0,41.2,Leaf Curl,1,5
Millet,Hilly,Yes,5.64,51.0,46.0,40,21.7,47.9,73.4,Downy Mildew,2,2
Rice,Terai,No,5.88,91.0,30.0,37,26.3,70.5,215.3,Blast,0,0
Millet,Hilly,No,5.91,53.0,41.0,40,34.2,66.5,98.9,Blast,2,-1
Rice,Terai,Yes,6.76,68.0,55.0,50,29.6,85.7,232.8,Healthy,0,5
Maize,Terai,Yes,5.85,108.0,65.0,47,19.8,62.5,99.9,Blight,2,2
Millet,Mountain,Yes,7.07,33.0,32.0,46,30.2,68.5,57.5,Healthy,2,2
Maize,Terai,Yes,6.99,79.0,60.0,53,19.3,61.7,99.9,Mosaic,2,2
Cotton,Terai,No,6.91,99.0,55.0,49,30.7,63.5,99.9,Healthy,2,6
Cotton,Terai,Yes,7.94,60.0,33.0,39,26.0,40.1,57.8,Leaf Spot,2,-1
Potato,Hilly,Yes,6.12,117.0,84.125,104,20.3,60.2,137.9,Late Blight,1,4
Maize,Hilly,Yes,6.47,77.0,43.0,67,18.7,74.9,81.5,Mosaic,2,2
Rice,Terai,Yes,6.27,76.0,34.0,42,29.1,73.2,232.8,Healthy,0,5
Maize,Terai,Yes,6.59,125.0,64.0,58,27.5,56.1,93.9,Stalk Rot,2,2
Mustard,Hilly,Yes,6.47,90.0,40.0,28,20.2,66.25,90.1,Downy Mildew,2,2
Maize,Terai,Yes,6.32,124.0,63.0,69,28.0,59.5,99.9,Mosaic,1,2
Potato,Mountain,No,5.98,148.0,84.125,94,18.1,65.9,143.9,Early Blight,1,7
Rice,Terai,No,5.76,62.0,49.0,53,28.4,89.3,152.5,Blight,0,0
Maize,Hilly,Yes,5.81,94.0,68.0,56,18.6,77.2,108.4,Blight,1,2
Cotton,Terai,Yes,6.04,91.0,48.0,59,35.3,42.4,63.0,Wilt,2,2
Mustard,Hilly,Yes,6.68,67.0,34.0,27,18.1,73.5,98.9,Downy Mildew,2,2
Maize,Terai,Yes,6.52,118.0,43.0,43,18.6,59.4,177.0,Mosaic,2,2
Tomato,Terai,No,6.54,105.0,67.0,53,27.7,56.2,93.7,Healthy,1,-1
Rice,Terai,Yes,6.32,78.0,35.0,32,26.8,82.1,232.8,Sheath Rot,0,5
Cotton,Terai,Yes,6.59,105.0,59.0,35,31.9,63.9,51.8,Healthy,2,2
Cotton,Terai,No,7.04,90.0,37.0,31,29.6,46.7,60.5,Healthy,2,6
Wheat,Hilly,Yes,7.41,110.0,56.0,72,13.1,51.7,57.1,Powdery Mildew,1,4
Rice,Terai,No,6.79,87.0,53.0,58,24.7,90.6,227.1,Healthy,0,0
Millet,Hilly,Yes,6.0,39.0,25.0,37,23.2,48.3,46.3,Blast,2,2
Tomato,Hilly,Yes,6.54,126.0,52.0,93,25.2,58.2,49.3,Wilt,1,4
Mustard,Terai,No,6.93,97.0,53.0,23,13.2,65.1,78.4,Healthy,2,3
Cotton,Terai,No,7.14,68.0,55.0,58,27.2,59.5,129.1,Wilt,2,6
Maize,Hilly,No,7.11,104.0,51.0,45,21.1,69.3,194.9,Mosaic,2,8
Wheat,Hilly,Yes,6.18,91.0,48.0,62,16.2,69.6,65.1,Healthy,1,4
Maize,Terai,Yes,6.11,89.0,61.0,48,30.2,78.7,101.7,Blight,2,2
Rice,Terai,No,6.47,99.0,54.0,42,29.1,76.2,187.2,Blast,0,0
Wheat,Terai,No,7.14,112.0,65.0,77,19.3,65.3,92.0,Rust,1,-1
Mustard,Hilly,No,6.25,73.0,52.0,35,21.8,56.5,44.1,Healthy,2,11
Cotton,Terai,Yes,7.32,109.0,37.0,50,32.1,61.1,77.0,Healthy,2,2
Millet,Mountain,Yes,6.26,63.0,29.0,37,20.9,67.3,92.2,Rust,2,2
Rice,Terai,Yes,5.99,106.0,33.0,59,34.7,86.4,183.6,Blast,0,5
Tomato,Hilly,Yes,6.52,107.0,43.0,56,20.4,75.0,72.1,Leaf Curl,1,4
Mustard,Terai,Yes,7.21,94.0,58.0,45,18.5,62.4,47.2,White Rust,2,2
Wheat,Terai,Yes,7.17,101.0,48.0,54,13.0,53.0,59.5,Healthy,1,5
Wheat,Terai,No,6.49,85.0,68.0,54,11.8,71.1,134.4,Rust,1,-1
Rice,Terai,Yes,6.0,74.0,44.0,46,31.6,79.9,232.8,Blast,0,5
Rice,Terai,Yes,6.08,89.0,59.0,36,32.1,86.8,228.2,Blight,0,5
Millet,Hilly,Yes,6.61,69.0,43.0,23,33.6,55.8,88.4,Blast,2,2
Maize,Hilly,Yes,5.84,94.0,64.0,44,20.6,63.4,123.5,Mosaic,2,2
Rice,Terai,Yes,5.61,71.0,44.0,53,25.1,71.9,192.7,Blight,0,5
Mustard,Terai,No,7.1,85.0,56.0,22,13.4,56.6,62.6,Healthy,2,3
Maize,Terai,Yes,6.46,112.0,67.0,46,25.2,66.25,112.1,Healthy,2,2
Potato,Hilly,No,5.05,140.0,55.0,104,16.7,76.4,101.9,Healthy,1,-1
Potato,Hilly,Yes,5.04,126.0,71.0,92,15.7,77.4,110.7,Healthy,1,4
Millet,Hilly,Yes,5.56,67.0,40.0,40,29.3,57.1,109.5,Downy Mildew,2,2
Potato,Hilly,Yes,6.05,101.0,72.0,92,10.8,65.4,77.4,Scab,1,4
Mustard,Hilly,No,6.99,64.0,49.0,34,24.9,59.8,66.9,White Rust,2,11
Wheat,Terai,Yes,6.19,113.0,71.0,68,15.4,65.8,144.9,Smut,1,5
Wheat,Hilly,No,7.08,135.0,56.0,47,13.7,60.4,138.1,Healthy,1,-1
Maize,Hilly,Yes,6.47,99.0,42.0,55,30.5,74.5,130.3,Healthy,2,2
Millet,Hilly,Yes,6.9,60.0,47.0,26,34.1,50.0,62.0,Downy Mildew,2,2
Maize,Hilly,Yes,7.2,110.0,69.0,58,23.3,77.2,115.6,Healthy,1,-1
Mustard,Hilly,Yes,6.33,94.0,47.0,36,23.1,72.2,33.7,Downy Mildew,2,2
Maize,Terai,Yes,6.65,107.0,53.0,55,18.3,67.9,166.5,Healthy,2,2
Mustard,Terai,Yes,6.3,96.0,52.0,40,19.4,57.7,39.2,Healthy,2,2
Cotton,Terai,Yes,6.48,109.0,34.0,44,25.5,66.25,98.1,Wilt,2,2
Potato,Hilly,Yes,6.02,125.0,69.0,91,21.0,71.3,132.1,Late Blight,1,4
Tomato,Terai,Yes,6.71,124.0,69.0,84,24.1,60.5,110.8,Leaf Curl,1,5
Potato,Hilly,Yes,6.35,147.0,63.0,101,19.9,67.7,131.0,Late Blight,1,4
Rice,Terai,Yes,6.8,67.0,55.0,39,34.5,91.0,198.1,Blast,0,5
Rice,Terai,Yes,5.81,78.0,53.0,56,30.8,94.0,232.8,Blast,0,5
Rice,Terai,Yes,6.26,119.0,43.0,31,28.2,89.0,232.8,Healthy,0,5
Wheat,Terai,Yes,6.12,104.0,48.0,56,15.0,62.3,104.2,Smut,1,5
Maize,Terai,Yes,5.82,123.0,36.0,43,19.9,75.4,182.2,Blight,0,-1
Mustard,Hilly,Yes,6.31,73.0,54.0,40,12.7,68.9,96.0,White Rust,2,2
Rice,Terai,Yes,6.89,92.0,49.0,57,27.3,90.4,209.7,Healthy,0,5
Potato,Hilly,No,5.28,101.0,70.0,104,12.5,80.1,82.5,Healthy,1,-1
Maize,Terai,Yes,6.82,121.0,58.0,63,25.8,62.6,110.7,Stalk Rot,2,2
Tomato,Terai,Yes,6.58,106.0,58.0,60,29.6,78.3,79.9,Leaf Curl,1,5
Tomato,Terai,No,6.64,119.0,61.0,81,24.0,79.2,99.9,Mosaic,1,-1
Wheat,Hilly,Yes,6.16,93.0,68.0,42,23.1,66.25,101.0,Powdery Mildew,1,4
Maize,Hilly,Yes,6.56,92.0,59.0,51,29.5,60.5,145.6,Healthy,2,2
Tomato,Terai,Yes,6.47,88.0,54.0,69,22.3,62.5,44.7,Mosaic,1,5
Tomato,Hilly,Yes,6.2,126.0,67.0,91,23.3,76.3,85.1,Mosaic,1,4
Millet,Hilly,Yes,7.33,46.0,31.0,35,29.0,45.3,93.2,Healthy,2,2
Millet,Mountain,Yes,6.06,46.0,27.0,20,30.3,47.2,57.0,Downy Mildew,2,2
Wheat,Hilly,Yes,7.44,109.0,72.0,62,11.6,56.4,106.7,Healthy,1,4
Wheat,Terai,Yes,6.49,119.0,62.0,53,18.9,68.2,51.6,Rust,1,5
Potato,Hilly,No,6.47,130.0,52.0,104,19.7,82.9,129.4,Late Blight,1,-1
Tomato,Hilly,Yes,6.82,112.0,56.0,72,24.2,59.9,102.8,Mosaic,1,4
Rice,Terai,No,6.46,94.0,57.0,32,26.2,70.1,232.8,Blast,0,0
Rice,Terai,Yes,5.77,75.0,54.0,58,30.1,66.25,222.6,Blast,0,5
Tomato,Hilly,No,6.7,111.0,47.0,73,25.4,56.9,82.6,Healthy,1,-1
Millet,Mountain,No,6.16,60.0,32.0,39,30.1,41.7,53.6,Downy Mildew,2,1
Rice,Terai,Yes,6.77,65.0,44.0,34,25.2,66.25,221.2,Sheath Rot,0,5
Millet,Mountain,Yes,6.73,67.0,39.0,22,21.0,43.5,73.4,Blast,2,2
Rice,Terai,No,5.6,86.0,55.0,32,27.2,74.3,232.8,Blast,0,0
Cotton,Terai,Yes,6.56,90.0,54.0,52,26.5,49.0,63.9,Wilt,2,2
Potato,Mountain,No,5.87,139.0,70.0,104,17.5,67.5,142.5,Early Blight,1,7
Rice,Terai,Yes,6.29,72.0,45.0,46,34.6,91.0,232.8,Sheath Rot,0,5
Maize,Hilly,Yes,6.85,74.0,38.0,57,30.8,65.0,139.8,Healthy,2,2
Tomato,Terai,Yes,6.15,85.0,44.0,55,20.5,67.6,81.3,Mosaic,1,5
Wheat,Terai,Yes,7.48,129.0,58.0,62,24.9,57.8,72.7,Smut,1,5
Tomato,Terai,Yes,6.8,93.0,68.0,60,25.2,62.5,72.1,Leaf Curl,1,5
Wheat,Terai,Yes,6.44,103.0,53.0,73,10.4,58.7,113.1,Smut,1,5
Wheat,Terai,Yes,6.68,134.0,44.0,68,11.8,55.2,77.3,Healthy,1,5
Rice,Terai,Yes,6.04,103.0,36.0,36,29.9,71.5,226.8,Blight,0,5
Rice,Terai,Yes,6.47,91.0,50.0,38,26.4,66.25,163.4,Sheath Rot,0,5
Tomato,Terai,Yes,6.01,94.0,56.0,78,28.2,70.4,108.9,Mosaic,1,5
Wheat,Hilly,Yes,6.61,81.0,46.0,68,15.6,66.1,77.1,Healthy,1,4
Tomato,Terai,Yes,6.84,124.0,72.0,55,20.9,80.0,75.6,Leaf Curl,1,5
Tomato,Hilly,Yes,6.88,121.0,49.0,51,26.3,60.8,65.4,Wilt,1,4
Rice,Terai,Yes,5.56,100.0,39.0,46,32.6,80.1,165.2,Blight,0,5
